<?xml version="1.0" encoding="UTF-8" standalone="yes"?>
<addon id="plugin.video.bhstv" name="[B][COLOR white]BHS[/COLOR] [COLOR red]TV[/COLOR][/B]" version="1.0.1" provider-name="BHS">
    <requires>
        <import addon="xbmc.python" version="3.0.0"/>
    </requires>
    <extension point="xbmc.python.pluginsource" library="main.py">
        <provides>video</provides>
    </extension>
    <extension point="xbmc.addon.metadata">
        <summary>BHS TV - Filmes e Séries</summary>
        <description>Addon BHS TV para Kodi</description>
        <platform>all</platform>
        <assets>
            <icon>icon.png</icon>
            <fanart>fanart.jpg</fanart>
        </assets>
    </extension>
</addon>